rule,length,size,mean_residual,delta_from_global,q_residual,n_predicates,n_operators,depth,n_splits,precision_penalty,n_terms,degree,n_tokens,complexity,I_inv,I_exp,expressiveness,pareto,score,q_perm,p_value,language,leaf_id,q_signed,expr,operator,threshold,n_ops
timbre_avg_3*timbre_cov_3_3 > 1758 AND timbre_avg_1*timbre_avg_6 > -409.9,2,61841,25.30123354722236,13.738515604103371,121.72801043226467,1,5,0,0,0.1,2,1,0,6.0,0.14285714285714285,0.014995576820477717,3.0,True,1.3510668864423174,121.73917678179124,0.000999000999000999,L_poly,,,,,,
timbre_avg_3*timbre_cov_3_3 > 1758 AND timbre_avg_6 > -9.93,2,61845,25.125953076138384,13.563235133019395,120.17885121712641,1,4,0,0,0.01,2,1,0,5.0,0.16666666666666666,0.0301973834223185,3.0,True,1.9050162333842027,120.18703973864685,0.000999000999000999,L_poly,,,,,,
timbre_avg_6 > 0.04687 AND timbre_avg_3*timbre_cov_3_3 > 988.5,2,41227,27.18143834661751,15.618720403498523,112.99228147308737,1,3,0,0,0.10001,1,1,0,4.0,0.2,0.06081006262521797,2.0,True,2.6212721553750766,112.98888664973495,0.000999000999000999,L_poly,,,,,,
(timbre_avg_6 + timbre_avg_3) > 33.77,2,73605,22.244490470756062,10.681772527637074,103.25460850535949,1,2,0,0,0.01,0,0,9,3.0,0.25,0.12245642825298195,9.0,True,3.5558670613826795,103.25460850535949,0.000999000999000999,L_symb,,103.25460850535949,(timbre_avg_6 + timbre_avg_3),>,33.77,1.0
