rule,length,size,mean_residual,delta_from_global,q_residual,n_predicates,n_operators,depth,n_splits,precision_penalty,n_terms,degree,n_tokens,complexity,I_inv,I_exp,expressiveness,pareto,score,q_perm,p_value,language,leaf_id,q_signed,expr,operator,threshold,n_ops
timbre_avg_6 <= -8.76 AND timbre_avg_1 > 42.61 AND timbre_avg_6 <= -15.95 AND timbre_avg_1 > 49.36,4,55102,4.096759679807951,-7.4659582633110375,62.44270374624865,1,8,0,0,0.04,0,0,0,9.0,0.1,0.0018363047770289071,0.0,False,0.33862048842300907,62.40913010919302,0.000999000999000999,L_tree,12.0,,,,,
timbre_avg_6 <= -8.76 AND timbre_avg_1 > 42.61 AND timbre_avg_6 <= -15.95 AND timbre_avg_1 <= 49.36,4,73054,6.50700664904351,-5.055711294075478,48.68741607254576,1,9,0,0,0.04,0,0,0,10.0,0.09090909090909091,0.0009118819655545162,0.0,False,0.21070637547545537,48.66404696333969,0.000999000999000999,L_tree,11.0,,,,,
timbre_avg_6 <= -8.76 AND timbre_avg_1 > 42.61 AND timbre_avg_6 > -15.95 AND timbre_cov_1_11 > 214.01,4,40892,6.306294611885508,-5.2564233312334805,37.87232530267954,1,7,0,0,0.04,0,0,0,8.0,0.1111111111111111,0.003697863716482932,0.0,False,0.37422813576161956,37.79626675566546,0.000999000999000999,L_tree,15.0,,,,,
timbre_avg_6 > -8.76 AND timbre_avg_3 <= 26.79 AND timbre_avg_1 > 40.38 AND timbre_cov_1_8 > 683.75,4,38360,6.4293005402270875,-5.133417402891901,35.82270184636308,1,6,0,0,0.04,0,0,0,7.0,0.125,0.007446583070924344,0.0,False,0.516484970859654,35.81896906328218,0.000999000999000999,L_tree,23.0,,,,,
timbre_avg_6 <= -8.76 AND timbre_avg_1 <= 42.61 AND timbre_cov_7_10 > -23.93 AND timbre_avg_3 <= -7.14,4,27904,7.754816065797021,-3.8079018773219673,22.6637327891281,1,10,0,0,0.04,0,0,0,11.0,0.08333333333333333,0.0004528271828867974,0.0,False,0.10130525293685426,22.677685576324695,0.000999000999000999,L_tree,7.0,,,,,
timbre_avg_6 <= -8.76 AND timbre_avg_1 > 42.61 AND timbre_avg_6 > -15.95 AND timbre_cov_1_11 <= 214.01,4,41451,10.845857428839006,-0.7168605142799827,5.200135093225749,1,8,0,0,0.04,0,0,0,9.0,0.1,0.0018363047770289071,0.0,False,0.09771915325506103,5.281240775047254,0.000999000999000999,L_tree,14.0,,,,,
