rule,length,size,mean_residual,delta_from_global,q_residual,n_predicates,n_operators,depth,n_splits,precision_penalty,n_terms,degree,n_tokens,complexity,I_inv,I_exp,expressiveness,pareto,score,q_perm,p_value,language,leaf_id,q_signed,expr,operator,threshold,n_ops
PTRATIO > 19.7 AND LSTAT <= 11.45 AND DIS <= 2.1,3,8,24.4706798750001,23.031361274209587,14.821385216663389,1,5,0,0,0.21000000000000002,0,0,0,6.0,0.14285714285714285,0.014995576820477717,1.0,True,0.47143951955936897,14.821385216663389,0.000999000999000999,L_conj,,,,,,
NOX > 0.507 AND LSTAT <= 10.11 AND RAD > 5,3,11,18.538056727272796,17.09873812648228,12.902818768188368,1,4,0,0,0.011,0,0,0,5.0,0.16666666666666666,0.0301973834223185,1.0,True,0.6242045863109879,12.902818768188368,0.000999000999000999,L_conj,,,,,,
CHAS > 0 AND TAX > 403,2,8,14.338075375000079,12.898756774209566,8.300744393284562,1,2,0,0,0.0,1,1,0,3.0,0.25,0.12245642825298195,2.0,True,1.0082060852041081,8.300744393284562,0.000999000999000999,L_poly,,,,,,
(CHAS + RAD) > 24,2,8,14.338075375000079,12.898756774209566,8.300744393284562,1,2,0,0,0.0,0,0,7,3.0,0.25,0.12245642825298195,7.0,True,1.0082060852041081,8.300744393284562,0.000999000999000999,L_symb,,8.300744393284562,(CHAS + RAD),>,24.0,1.0
