rule,length,size,mean_residual,delta_from_global,q_residual,n_predicates,n_operators,depth,n_splits,precision_penalty,n_terms,degree,n_tokens,complexity,I_inv,I_exp,expressiveness,pareto,score,q_perm,p_value,language,leaf_id,q_signed,expr,operator,threshold,n_ops
(target - Children) > 38,2,197,35.316530889000404,22.5491554397462,11.658386831911915,1,2,0,0,0.0,0,0,7,3.0,0.25,0.12245642825298195,7.0,True,1.1948407469732236,11.658386831911915,0.000999000999000999,L_symb,,11.658386831911915,(target - Children),>,38.0,1.0
target > 43,1,198,29.608393175693358,16.841017726439155,8.729231195458194,1,1,0,0,0.0,0,0,3,2.0,0.3333333333333333,0.2465969639416065,3.0,True,1.4671748056534881,8.729231195458194,0.000999000999000999,L_symb,,8.729231195458194,target,>,43.0,0.0
