rule,length,size,mean_residual,delta_from_global,q_residual,n_predicates,n_operators,depth,n_splits,precision_penalty,n_terms,degree,n_tokens,complexity,I_inv,I_exp,expressiveness,pareto,score,q_perm,p_value,language,leaf_id,q_signed,expr,operator,threshold,n_ops
weight > 2155 AND model > 79 AND cylinders > 4,3,14,6.986206285714295,5.912564454056003,7.697194268519074,1,3,0,0,0.0,0,0,0,4.0,0.2,0.06081006262521797,1.0,True,0.684154124088362,7.697194268519074,0.000999000999000999,L_conj,,,,,,
model > 79.5 AND displacement > 212.5,2,6,9.771714666666659,8.698072835008368,7.412952324951673,1,2,0,0,0.2,0,0,0,3.0,0.25,0.12245642825298195,0.0,True,0.9527663220975122,7.412952324951673,0.000999000999000999,L_tree,20.0,,,,,
model > 79,1,89,2.724550775280898,1.6509089436226063,5.4188941208191554,1,1,0,0,0.0,0,0,3,2.0,0.3333333333333333,0.2465969639416065,3.0,True,1.1559770058764252,5.4188941208191554,0.000999000999000999,L_symb,,5.4188941208191554,model,>,79.0,0.0
