rule,length,size,mean_residual,delta_from_global,q_residual,n_predicates,n_operators,depth,n_splits,precision_penalty,n_terms,degree,n_tokens,complexity,I_inv,I_exp,expressiveness,pareto,score,q_perm,p_value,language,leaf_id,q_signed,expr,operator,threshold,n_ops
temp <= 25.05 AND DMC <= 103.55 AND temp <= 24.15 AND ISI <= 11.05,4,194,20.083665554792265,-542.6195089671204,1.1587160994099461,1,8,0,0,0.04,0,0,0,9.0,0.1,0.0018363047770289071,0.0,False,0.04612760462637082,1.1587160994099461,0.0969030969030969,L_tree,4.0,,,,,
temp <= 25.05 AND DMC > 103.55 AND DC > 434.65 AND Y > 2.5,4,189,83.45628766979657,-479.24688685211606,1.010115358982159,1,5,0,0,0.13,0,0,0,6.0,0.14285714285714285,0.014995576820477717,0.0,False,0.12307421526526745,1.010115358982159,0.1848151848151848,L_tree,11.0,,,,,
temp <= 25.05 AND DMC <= 103.55 AND temp <= 24.15 AND ISI > 11.05,4,31,64.26587789439273,-498.4372966275199,0.42547314251727403,1,7,0,0,0.04,0,0,0,8.0,0.1111111111111111,0.003697863716482932,0.0,False,0.03966537149772581,0.42547314251727403,0.4075924075924076,L_tree,5.0,,,,,
temp > 25.05 AND temp > 25.45 AND DMC <= 220.05 AND DMC <= 186.25,4,46,246.5253092572786,-316.177865264634,0.3287692197204859,1,6,0,0,0.04,0,0,0,7.0,0.125,0.007446583070924344,0.0,False,0.04947936242325255,0.3287692197204859,0.8151848151848152,L_tree,16.0,,,,,
temp <= 25.05 AND DMC <= 103.55 AND temp > 24.15,3,7,233.29421957142944,-329.4089549504832,0.1336180696877834,1,5,0,0,0.03,0,0,0,6.0,0.14285714285714285,0.014995576820477717,0.0,False,0.04476248461163769,0.1336180696877834,0.8461538461538461,L_tree,6.0,,,,,
temp <= 25.05 AND DMC > 103.55 AND DC > 434.65 AND Y <= 2.5,4,25,409.1745165122234,-153.5286580096892,0.1176901808713955,1,6,0,0,0.13,0,0,0,7.0,0.125,0.007446583070924344,0.0,False,0.02960387995670429,0.1176901808713955,0.9410589410589411,L_tree,10.0,,,,,
