rule,length,size,mean_residual,delta_from_global,q_residual,n_predicates,n_operators,depth,n_splits,precision_penalty,n_terms,degree,n_tokens,complexity,I_inv,I_exp,expressiveness,pareto,score,q_perm,p_value,language,leaf_id,q_signed,expr,operator,threshold,n_ops
Husband_Occupation <= 1.5 AND Contraceptive_Method <= 1.5 AND Children <= 1.5 AND SOLI > 2.5,4,55,53.00886666285305,40.24149121359885,10.993360719513669,2,8,1,0,0.4,0,0,0,11.0,0.08333333333333333,0.0004528271828867974,1.0,True,0.07055559910507281,10.993360719513669,0.000999000999000999,L_tree,5.0,,,,,
Contraceptive_Method <= 1 AND Wife_Education > 3 AND Wife_religion > 0,3,132,37.71645233480737,24.94907688555317,10.55884743745345,1,4,0,0,0.0,0,0,0,5.0,0.16666666666666666,0.0301973834223185,1.0,True,0.5646676585094519,10.55884743745345,0.000999000999000999,L_conj,,,,,,
(Wife_Education - Contraceptive_Method) > 2,2,175,30.72924093238621,17.96186548313201,8.752770310048032,1,2,0,0,0.0,0,0,7,3.0,0.25,0.12245642825298195,7.0,True,1.0352936730644244,8.752770310048032,0.000999000999000999,L_symb,,8.752770310048032,(Wife_Education - Contraceptive_Method),>,2.0,1.0
(Wife_Education / Contraceptive_Method) > 3,2,175,30.72924093238621,17.96186548313201,8.752770310048032,1,2,0,0,0.0,0,0,7,3.0,0.25,0.12245642825298195,7.0,True,1.0352936730644244,8.752770310048032,0.000999000999000999,L_symb,,8.752770310048032,(Wife_Education / Contraceptive_Method),>,3.0,1.0
