rule,length,size,mean_residual,delta_from_global,q_residual,n_predicates,n_operators,depth,n_splits,precision_penalty,n_terms,degree,n_tokens,complexity,I_inv,I_exp,expressiveness,pareto,score,q_perm,p_value,language,leaf_id,q_signed,expr,operator,threshold,n_ops
(target * timbre_avg_1) / timbre_avg_1 <= 1988,3,74713,45.75975726375895,34.19703932063996,333.04203837525785,1,4,0,0,0.0,0,0,13,5.0,0.16666666666666666,0.0301973834223185,13.0,True,3.1712770501121743,333.04203837525785,0.000999000999000999,L_symb,,333.04203837525785,(target * timbre_avg_1) / timbre_avg_1,<=,1988.0,2.0
target <= 1988,1,75562,45.31009137988966,33.74737343677067,330.52488294843954,1,2,0,0,0.0,0,0,5,3.0,0.25,0.12245642825298195,5.0,True,6.36198841672954,330.52488294843954,0.000999000999000999,L_symb,,330.52488294843954,target,<=,1988.0,0.0
